datetime,eta1,eta2,m1,m2,cop,cop_given,cp1,cp2,Speed line X,Speed line x,igva1,igva2,Evaporator pressure,k1,k2,status
2024/12/15 00:00:00,0.7243715069873521,0.7484353245533434,79.84707574135611,99.35522390653577,2.681333308066838,2.63,2937.2674688078864,2934.5273946612474,0.994058129342908,1.002347717098175,30.512931614924497,3.87261291385481,2.101287521754346,1.0375944869466749,0.9141640122216689,passed
2024/12/15 00:15:00,0.7220622680554016,0.7488885957099392,79.57661847988481,99.01281682296604,2.6819872852443747,2.61,2921.1007749389937,2936.2227769268693,0.9936421580020679,1.0022486310882468,30.926522338541673,3.2955108154251103,2.117649048203576,1.0262339020356825,0.9010792660801101,passed
2024/12/15 00:30:00,0.7224845263458635,0.7487947328401385,79.38036565006271,98.75464570020884,2.680055126807361,2.6,2914.650510253115,2930.49775843414,0.9938538051963893,1.0023457343362834,30.86978335237618,3.200067931103293,2.1139877673162575,1.0253574107170107,0.900569449692022,passed
2024/12/15 00:45:00,0.7214635077341026,0.7486879948120085,78.80867541636012,98.0758328601326,2.679893100437374,2.61,2890.798888364242,2914.440900746436,0.993895951394558,1.0024627109807178,31.08187915684125,3.067368841468072,2.1176503125389843,1.0236941689346624,0.8977756656115239,passed
2024/12/15 01:00:00,0.7228199638726214,0.748545913496592,79.48798860915876,98.91123636966442,2.6794420452502288,2.59,2919.519306155296,2934.2883708006925,0.9940746662961504,1.002480823731834,30.831853608674763,3.3098951963692596,2.1083776528997937,1.0299026991892495,0.9053909804703465,passed
2024/12/15 01:15:00,0.7241990190229814,0.7488397492574075,79.59086705703162,99.02523745255712,2.6779188796333444,2.61,2927.9445494050237,2941.6147082164084,0.9939918256887457,1.0023410323934987,30.539140452599803,3.1193799264993856,2.10023927279293,1.0322276971187252,0.9084300079152855,passed
2024/12/15 01:30:00,0.7231597519480696,0.7486019972352823,79.7962473767712,99.26854919635079,2.6786266447993015,2.6,2931.82949392177,2946.9966092135837,0.9941093247690023,1.0024766538415542,30.76753408344583,3.207399897935286,2.106105711606433,1.0310106009566362,0.9068676116303889,passed
2024/12/15 01:45:00,0.723838419802521,0.7487716525873581,79.92630321788108,99.41810719787202,2.6788169114846383,2.58,2939.1143789992793,2951.7086378131166,0.9939945186272153,1.0023632089029562,30.61334196068815,3.1955300176930317,2.102460950579149,1.0316626061596927,0.9079555592835796,passed
2024/12/15 02:00:00,0.7238891720534503,0.7489094561196904,80.06559407181372,99.57691888385871,2.6781241927665684,2.61,2944.5512520544175,2960.213150848073,0.9939414223719948,1.0023267167641223,30.595644071704676,3.012744648118592,2.102403937911894,1.0377797940282179,0.9133124236256276,passed
2024/12/15 02:15:00,0.7235773571384461,0.7490586012935454,80.13960347035382,99.65670422117826,2.679037018847242,2.61,2947.937820614251,2962.753357156714,0.9937742988308739,1.0022257091125022,30.57342925072175,3.0057769964713925,2.104131267091384,1.038362739777294,0.9133771393966004,passed
2024/12/15 02:30:00,0.7230557479293127,0.7492906252765685,80.10464454117378,99.55108183940627,2.679590865459228,2.6,2943.85235479569,2962.9129391659167,0.9935783954925561,1.0021333503858536,30.715945412981682,2.778635622715813,2.111791618790015,1.0338062716700236,0.9083050943992326,passed
2024/12/15 02:45:00,0.7222655592362701,0.7486529169204663,80.22476230709738,99.68773992497391,2.6773607267037063,2.58,2945.408640438399,2963.5703111867438,0.9941982436997728,1.0025274737885213,30.886733474310542,2.937280990629205,2.112435802444278,1.0340869604762015,0.9087495559507854,passed
2024/12/15 03:00:00,0.7235009175450878,0.7487993127299875,80.18645704618228,99.58312355183114,2.6789568699580952,2.59,2946.467323561794,2954.6782324041983,0.9940570543808409,1.0023591015360225,30.690870152932675,3.1498546497345146,2.1091358689433855,1.0379040062288984,0.9128429735977951,passed
2024/12/15 03:15:00,0.7248046762952636,0.7492973187006816,80.03313757723268,99.37651728890599,2.676882197694037,2.61,2945.671992238854,2957.3409491478405,0.9938399627428118,1.0021433445202006,30.393639847728014,2.7274303864995924,2.102087606520595,1.0350576993535399,0.9106967796188089,passed
2024/12/15 03:30:00,0.7245071913436542,0.7492791682447981,80.05819543251023,99.34789513699816,2.6771104047551657,2.6,2945.070561578315,2954.733217630338,0.9938706495289393,1.0021515629521818,30.459114201389998,2.7427146011703805,2.1062272679870735,1.0330244258080508,0.9084723728777343,passed
2024/12/15 03:45:00,0.7231392885323843,0.7491049590136599,80.04416874544891,99.31721065351246,2.6777537513159753,2.59,2939.952785298377,2954.1217609179084,0.9939343099453369,1.002276766221823,30.747729800580633,2.7261441396237527,2.114427149721661,1.0325685227748298,0.9069437612475877,passed
2024/12/15 04:00:00,0.7243913250914804,0.7493655956652824,80.02330846302095,99.2320709880059,2.677389075168505,2.6,2943.0612065020364,2950.7171334636487,0.9938288280583959,1.0021033600317704,30.477129984216376,2.701709267645591,2.109590322565057,1.0302188756726862,0.9054845713612253,passed
2024/12/15 04:15:00,0.722956389556709,0.7490259899282088,80.09328714753056,99.30737924919141,2.678682290830996,2.59,2940.552821203173,2949.2801602359596,0.9939838914359257,1.0022877128162693,30.791730336613284,2.876486745786825,2.117769468269967,1.030066082150306,0.9044714520501876,passed
2024/12/15 04:30:00,0.7241182428246503,0.7491819058783155,80.04271126684165,99.2306970997911,2.6768901540780394,2.6,2942.370540297295,2950.3034254122963,0.9940092140919888,1.0022259356229768,30.558094795451918,2.7176621396156735,2.110414908522747,1.0351514358529472,0.9097378812040163,passed
2024/12/15 04:45:00,0.7257481689671859,0.7493455730623606,80.04480228990084,99.17304628609635,2.6748340431131368,2.58,2947.0445373847265,2949.054560611471,0.9940888700947778,1.0021378100763665,30.23348148744303,2.6271786734388916,2.1023052043609223,1.034075185822047,0.9099078651361924,passed
2024/12/15 05:00:00,0.724359463254461,0.7490860716246315,80.1172955537903,99.2503336880424,2.675659376970543,2.61,2944.837150376131,2949.9416322871452,0.9942097236114573,1.0022993243429659,30.536352231053847,2.6923553989271745,2.110377331759811,1.0321277665676527,0.9072754638168703,passed
2024/12/15 05:15:00,0.7263550099885727,0.7492835503844536,80.11187517424632,99.1866364144453,2.6755273352279563,2.58,2950.8050739671676,2943.156731921419,0.9941654882865454,1.0021134465267865,30.11833898491022,2.863365880317797,2.1005744100106054,1.0368818591160025,0.9128714058764696,passed
2024/12/15 05:30:00,0.7265212504662033,0.7492266665184925,80.113003223561,99.17480417654654,2.6746464858925156,2.57,2951.0682692035307,2943.7248779550973,0.994274467032228,1.0021662281078718,30.099091820250923,2.8177873446675137,2.0990149640056406,1.0342967076351361,0.9107728463764321,passed
2024/12/15 05:45:00,0.726713400941153,0.7494130373446449,80.08802985084019,99.08415399173977,2.6748429085784586,2.59,2950.6476619480068,2940.999184349177,0.9941607416488668,1.0020563402970453,30.043096457255302,2.7519154939478474,2.1007780941138483,1.0336856819832674,0.909951961685281,passed
2024/12/15 06:00:00,0.7251674972026781,0.7492071283112142,80.03465915577462,99.01528118950405,2.6740305223931005,2.58,2943.159878495629,2942.7564964615663,0.9943164730494204,1.002250753333216,30.38511627066819,2.563333541828693,2.109690181610212,1.0284000005538818,0.9040566628334805,passed
2024/12/15 06:15:00,0.7247920511270289,0.7492297436910823,79.9852179637489,98.89702350210666,2.6760415436550433,2.59,2939.955877830134,2934.0269725910825,0.994211996706336,1.0021840822532118,30.44787119211959,2.748573546844979,2.114973467084328,1.0303849743961475,0.905164282869838,passed
2024/12/15 06:30:00,0.7242715481633863,0.7492271652101147,79.54336639780558,98.3376015540752,2.676314417899966,2.58,2922.1047334277273,2918.6313103087728,0.9941884252397492,1.0022025677702575,30.551426712259047,2.689352834533533,2.118341234318001,1.027387870267356,0.9015294429147099,passed
2024/12/15 06:45:00,0.7257684244693201,0.7497475376775449,78.55413525063194,97.05483450078884,2.6752277581191466,2.58,2890.865942746539,2884.7582868358973,0.9939198010695455,1.0019144747221178,30.205632453787366,2.4182629426697875,2.112705326866238,1.0130891770605093,0.8884040406654385,passed
2024/12/15 07:00:00,0.7263844886835159,0.7495462469357812,80.6145505536162,99.82258491158389,2.6722782797544276,2.59,2974.1228907249933,2976.1979756894607,0.9941335195727009,1.0020772196327385,29.918754432310568,2.3225649596213365,2.0926112909385703,1.0442511466135134,0.9196558388585385,passed
2024/12/15 07:15:00,0.7230762983787962,0.7487311853330929,80.46580668597352,99.8703781019148,2.6770679724940405,2.62,2966.2444639932583,2967.80571739904,0.9942816040012625,1.0024108370356066,30.28815197913736,3.1357443126159423,2.0948200485571262,1.0487371707089386,0.9221560313378475,passed
2024/12/15 07:30:00,0.7180684482442344,0.7477202986257179,80.23466559471633,99.90875419288612,2.680880492581409,2.63,2953.060748037023,2966.777980538729,0.9944812520488612,1.0029011813971005,30.889220275195186,3.724050972437405,2.100272723999667,1.0635887933010646,0.9325490740297564,passed
2024/12/15 07:45:00,0.7182743817023829,0.7479063905306543,79.99059203022114,99.68533447923976,2.680841360449923,2.63,2944.688929197991,2968.007964091166,0.9943036978264186,1.0028626332840105,30.895794313425807,3.4824049807783957,2.0962064519114003,1.0649406402014727,0.9336882463353847,passed
2024/12/15 08:00:00,0.7179415762461666,0.7478627878409586,79.91897307845484,99.59790227617249,2.683174733474447,2.62,2939.6613202037674,2962.132235184454,0.9941711647266518,1.002834310978469,31.02931778735167,3.6408672843214274,2.100330850793249,1.0619364037236083,0.9306945299434484,passed
2024/12/15 08:15:00,0.7181338555741559,0.7476908584846237,79.85421642185061,99.56653262272359,2.681337356310074,2.62,2936.4487365532973,2962.1693676224477,0.9943884574376584,1.0029710546183603,31.068634545620117,3.5935201536508785,2.098799607098988,1.063727346319915,0.9328015097696551,passed
2024/12/15 08:30:00,0.7184883027961485,0.7477446468784166,79.75636906742885,99.49385612023366,2.680735673394293,2.62,2932.07561777696,2962.10585061496,0.9943607262586046,1.0029711826068892,31.095254869799962,3.491769215803649,2.098431277174019,1.0603427086046286,0.9301767174258281,passed
2024/12/15 08:45:00,0.7193246220595169,0.7478693043790431,79.64158224705966,99.39996947799085,2.6799709785724257,2.62,2928.3270917474615,2961.776771146566,0.9943001124249756,1.0029273478097895,31.039388609688782,3.3724625203762333,2.0955824262669087,1.0555827921734027,0.9266942153506386,passed
2024/12/15 09:00:00,0.7197423541159532,0.7479717981586939,79.51191546170708,99.28741281248944,2.679803518732274,2.61,2922.4691448950834,2960.789679788584,0.9942054350417242,1.002895745242626,31.08036571776058,3.258004897729321,2.095749169571248,1.0515171158429095,0.9234253850594952,passed
2024/12/15 09:15:00,0.7192267555014353,0.7477957572450308,79.46382826100553,99.27924492143808,2.6808052860583254,2.62,2918.1135087473813,2957.195360287225,0.994224750935657,1.0029615001527716,31.23440087147869,3.4200366235132966,2.099589666594236,1.0531699623533235,0.9247421658911831,passed
2024/12/15 09:30:00,0.7185460761237596,0.7477134799672698,79.32081764841935,99.19888147525845,2.681863245781194,2.63,2910.370731306845,2955.420110718116,0.9941355661257281,1.0030043975456946,31.413893232502854,3.459429865899432,2.1026380758167567,1.0497089191700162,0.9213346215024902,passed
2024/12/15 09:45:00,0.7186061312459944,0.7475568127801537,79.24293906021299,99.16602206006218,2.682346327857652,2.62,2906.1577006477573,2951.224193224776,0.9941744250112916,1.0030555506502992,31.483007195039416,3.6156798186003813,2.1033078613265395,1.0518196236936121,0.9235826306618818,passed
2024/12/15 10:00:00,0.7181534888589696,0.746787722780542,79.19817006518481,99.26669467055541,2.6867529835068353,2.65,2906.6186040125085,2936.5268237521846,0.9942752711320956,1.003159114953375,31.43840766052566,4.620642192831472,2.098202174508222,1.0646275692728102,0.9359072454788893,passed
2024/12/15 10:15:00,0.7196277269429417,0.7474205996337194,79.09757934390375,99.13562764614556,2.682523234857637,2.63,2903.472112080273,2946.4529240767665,0.994176411087106,1.0030496575326076,31.33176047029326,3.8738353019179854,2.0954372736804743,1.0521596112477267,0.9254387893423204,passed
2024/12/15 10:30:00,0.7186624654813176,0.746891256439345,79.19155427763934,99.26050293247607,2.6839781176943505,2.65,2903.082131018396,2939.4719916424647,0.9944133763027869,1.0032234420022306,31.542887733887078,4.327318131012612,2.1024044640821464,1.0600979448877332,0.9323144012471823,passed
2024/12/15 10:45:00,0.7213624533406447,0.7476881292211456,79.1487558997374,99.10904357957811,2.680063261858022,2.63,2905.778864422554,2942.871825105395,0.9942318297591036,1.0029204801951708,31.147569520296578,3.7317312238066336,2.0969515573018946,1.0504197226702587,0.9249900293190655,passed
2024/12/15 11:00:00,0.7229928432644638,0.7484392911854454,79.18819119887358,98.96664589568076,2.676083312654336,2.61,2910.4125821430516,2942.7220710849288,0.9940907611863385,1.0025961052748271,30.79893460815543,3.186663390079088,2.0998869200757126,1.0371311112553578,0.9132718761680652,passed
2024/12/15 11:15:00,0.722395140417725,0.7484536906685164,79.14287729503792,98.95970032711705,2.676022766896815,2.58,2907.012778432161,2943.8109144388854,0.9940348783087462,1.0026067929023101,30.91256973773413,3.1235302127562097,2.103845209040292,1.0300571599073431,0.9065846205343643,passed
2024/12/15 11:30:00,0.7230300808689218,0.7488297988305023,78.95383603347607,98.82867836645497,2.6731667490806523,2.59,2903.033461175274,2951.594397480548,0.9938542527090377,1.00249441071349,30.758995136312176,2.6277243953419918,2.09835878432022,1.0310332462114586,0.9077037803322388,passed
2024/12/15 11:45:00,0.7221583064733774,0.7484260445074555,79.02781339727662,98.97104086209005,2.6716456202982375,2.59,2902.0389794444004,2954.9338054199784,0.9942043114220169,1.0027625543836869,30.983501542079683,2.6682709723059843,2.1020245618124576,1.0376761592740529,0.9135423214512424,passed
2024/12/15 12:00:00,0.7229458012490763,0.7485408909198815,79.22013417449159,99.26448313603584,2.6720287283439985,2.59,2911.916939395086,2961.1819474293306,0.9940860942199679,1.0026483989902748,30.807856264352253,2.790998234930351,2.09775194531194,1.0401695239221158,0.9167472960709335,passed
2024/12/15 12:15:00,0.7212786092836507,0.7485521361496137,79.76006895251129,99.98870324746908,2.6710327035397494,2.6,2927.8589904674127,2988.5421873956475,0.9940499863928557,1.0027165452981686,31.072492005256215,2.5148169566771874,2.107096960931296,1.0395261060156438,0.915358377352587,passed
2024/12/15 12:30:00,0.7218804623588452,0.7482367748532138,79.7423217159344,100.12160813934338,2.672911852507817,2.59,2933.1996310954905,2980.997779015073,0.9941260520501326,1.0027301171263605,30.786276653793458,3.205107912677476,2.09526191988768,1.052822953583068,0.9285941155684855,passed
2024/12/15 12:45:00,0.721130414355242,0.7478558770666652,78.76777012256274,98.95060502588599,2.6751326233324297,2.57,2890.201636460338,2941.1528689185307,0.9942084429289917,1.0029105768241122,31.19101286423751,3.44623308102539,2.1034061613223844,1.043616870331828,0.9193196168315627,passed
2024/12/15 13:00:00,0.7243770912300748,0.7487901259485427,78.9451138116472,98.8401520096477,2.669684712743623,2.59,2903.4129128581485,2937.4487366715725,0.9941382377770984,1.0024396518421075,30.522860817563345,2.9138799382353473,2.1033028979077506,1.028381676029387,0.9068308460865722,passed
2024/12/15 13:15:00,0.7251668166293862,0.7490210431507466,78.8260547274883,98.75350247637822,2.668659670022721,2.59,2901.947348214804,2937.326122634408,0.9940012139883896,1.002314668039298,30.341408549015437,2.7964899222223227,2.099057738629968,1.0273459653198878,0.9064487193377397,passed
2024/12/15 13:30:00,0.7247370815989109,0.7489314313389894,78.8385259570144,98.77335563915013,2.6687938941591316,2.58,2900.425193728749,2934.564878283959,0.9940512204433584,1.0023492644679366,30.436881524803095,2.889402059798801,2.1039226996691607,1.0238305987341196,0.9031000760756133,passed
2024/12/15 13:45:00,0.7252347294562788,0.7491064020778436,78.73312174782136,98.69148956559542,2.668261816271123,2.59,2898.489659583729,2933.6743232648832,0.9939280532100125,1.00224996957095,30.31719914998328,2.815909467850003,2.101419744383546,1.0261529005671772,0.905454399024544,passed
2024/12/15 14:00:00,0.7244130969588422,0.7488807770672457,78.72391189975473,98.7301880533644,2.6677342229439684,2.59,2895.093007661177,2934.2348298501342,0.9940801988825254,1.002398349847443,30.50745056266209,2.8421428844220085,2.105797371080531,1.0235613934395011,0.9028555890818961,passed
2024/12/15 14:15:00,0.7244881124361692,0.7489795368678444,78.63675549908464,98.67112838376387,2.6674313217673298,2.57,2892.381985592646,2933.6186583665276,0.9939901856089033,1.0023459691431487,30.479594008373574,2.787546175047299,2.105766812695839,1.0257976591077491,0.9048630535810215,passed
2024/12/15 14:30:00,0.7244308161615093,0.7489485301963501,78.5807739813694,98.6511532862378,2.6667391944026955,2.58,2890.05122986537,2933.472188771156,0.9940217394682089,1.0023738331230254,30.495726703555142,2.765262181684325,2.105970372443544,1.0221573276711073,0.9017504483802387,passed
2024/12/15 14:45:00,0.7248027762441813,0.749075774364858,78.4867812767986,98.583808803811,2.6664254889905408,2.58,2888.068767746439,2932.150881355461,0.9939188520205895,1.002294885737663,30.404990735615197,2.733448708747606,2.1041537282153118,1.0208394559094447,0.9008508301434752,passed
2024/12/15 15:00:00,0.7251391945579738,0.7490819863606756,78.473938802114,98.58473767948935,2.665864779709419,2.59,2888.117613876477,2929.3373215874453,0.9939508572343684,1.002270713672247,30.34009660318271,2.8026803794662527,2.1043374686707748,1.0192258471130566,0.8997837521976894,passed
2024/12/15 15:15:00,0.7248922550550223,0.7490855543574311,78.40972278352186,98.55477345857497,2.665827985150957,2.58,2885.081163267539,2928.4660065644775,0.9939105412764584,1.0022685042300237,30.38540543345716,2.801790284579423,2.1060715720432452,1.0161170407652342,0.8969184864034662,passed
2024/12/15 15:30:00,0.7242659556931976,0.7489089374008152,78.388777900661,98.57881292024724,2.665249913719258,2.58,2881.9721472159113,2928.84788101812,0.9940332784726582,1.0023865773253124,30.53114466694553,2.8158687162480804,2.1093783333428413,1.0189554111916337,0.8992221183757234,passed
2024/12/15 15:45:00,0.7244649550156418,0.7490396542300066,78.29398408031754,98.5099673524137,2.6649240031705186,2.58,2879.4306800884324,2928.112320482594,0.9939225902980071,1.0023142348050753,30.474989906516292,2.7532586756951414,2.108676203744924,1.0211159741116598,0.9012282938088234,passed
2024/12/15 16:00:00,0.7246250426583016,0.7490110573362078,78.25180629619665,98.43113640668035,2.6645246923691888,2.57,2878.1982210173437,2926.227713168648,0.9939895803475878,1.0023405213057213,30.451372684911604,2.730378669948453,2.1073540538386273,1.0179720174401685,0.8984880078617621,passed
2024/12/15 16:15:00,0.7231871270644559,0.7488496628453598,78.26776411736807,98.39972487864101,2.6655782377828876,2.58,2874.0935429095853,2925.6501419615042,0.9940418462559247,1.0024577167642497,30.752722996120433,2.7106785738938224,2.1160501498700564,1.0199979556826626,0.8989897034081922,passed
2024/12/15 16:30:00,0.7251341580999737,0.7492229895165844,78.16894330576054,98.16616723917602,2.6654496781428856,2.59,2876.600236180362,2917.841988703161,0.9938863305903544,1.0022058105308542,30.332149615022374,2.68808192033398,2.1071135739171436,1.0174227810690604,0.8975490129053114,passed
2024/12/15 16:45:00,0.7249961871075437,0.7492138290883377,78.14830460276511,98.08941255419113,2.6657178555217267,2.58,2875.3499090489145,2916.1227102803123,0.9939046601641773,1.0022198533926068,30.363165106213767,2.660296963915209,2.107886155966063,1.0151103064809253,0.8951914677891954,passed
2024/12/15 17:00:00,0.7249923441330315,0.7491649194478632,78.7336321579366,98.77333269382441,2.665887660480225,2.59,2896.7005366346066,2936.1904935227267,0.9939653405135151,1.0022502878260513,30.37239738569166,2.6725766537768494,2.1076165386537338,1.0212154130362454,0.9011093664344847,passed
2024/12/15 17:15:00,0.7231196572991982,0.7480597784550344,78.38509657438777,98.72418611731788,2.6754607461108004,2.61,2882.307556339778,2921.4746778936087,0.9938892262059112,1.0025786525351228,30.745549423159524,3.9442232082647064,2.0976363350661122,1.0332697530157617,0.912322647027433,passed
2024/12/15 17:30:00,0.7170218580828042,0.746885948159978,77.98499552283765,98.68962476837923,2.6792382686780165,2.65,2853.4975127376147,2935.4791872570604,0.9940739364108683,1.003380204779425,31.98729287021781,3.9712121616680736,2.106847260436105,1.040744523127225,0.9157646487744018,passed
2024/12/15 17:45:00,0.7168471510282461,0.7465485210390964,78.00916206827567,98.67361363544484,2.681572654424105,2.65,2853.6147255433625,2926.8994087790875,0.9941692961330215,1.0034414554237572,32.03389462535103,4.37022449268856,2.1074296124917633,1.0438261033212162,0.918592464031921,passed
2024/12/15 18:00:00,0.7163899602672471,0.7465030035408988,77.98419399196554,98.59076857750176,2.6820446574332237,2.64,2851.2558380165337,2924.8157412038818,0.9941991826783744,1.003481271652995,32.12698389301093,4.35186449275876,2.110049540243456,1.0409272157685376,0.9154467628779969,passed
2024/12/15 18:15:00,0.7163893289288688,0.746396491584697,77.9403159475212,98.47457458234418,2.6841372999268285,2.68,2849.7542830056227,2916.7975051941153,0.9941579941163063,1.0034503674983148,32.12175796038252,4.5781420940268465,2.110259810375379,1.0429821188161803,0.9171147290292939,passed
2024/12/15 18:30:00,0.7166389490779725,0.7464752147744916,77.83587909510294,98.33874679553882,2.6841344988180613,2.65,2847.2418396833814,2915.889216417031,0.9941195330025395,1.0034356151590385,32.06807443131063,4.493512934454869,2.106447215588384,1.0426940225743753,0.9168623991869737,passed
2024/12/15 18:45:00,0.7165987904562523,0.7464793324429182,77.7929695531542,98.23511182861968,2.6854807854140823,2.65,2845.7235101352717,2911.0905709664876,0.9940515318962776,1.0033926193102631,32.06706260633345,4.578918426976983,2.1070304632150836,1.0402241583680536,0.9144173273493872,passed
2024/12/15 19:00:00,0.7164189478576591,0.7463451864005798,77.75867884058384,98.14246329780543,2.6864142598035543,2.65,2843.797655153047,2906.000961790371,0.9941050437003573,1.0034294061597113,32.10910603582142,4.695728862317219,2.1078513123417713,1.0420719503398261,0.9158193209910835,passed
2024/12/15 19:15:00,0.7164688880454828,0.7463002574098506,77.7258009820173,98.0516942417386,2.68744650488785,2.66,2842.7758676820663,2901.384818651001,0.9940924554693673,1.0034133267315744,32.097732307572194,4.791745057654617,2.1076120602941377,1.0434996391758196,0.9169616261782016,passed
2024/12/15 19:30:00,0.7162926648782714,0.7464587344793433,77.70298784665226,98.01762132546538,2.6871159912848634,2.65,2842.040502828968,2906.1350657759026,0.9940273563742864,1.00340887424468,32.123626990228324,4.57472731961899,2.106509257781832,1.0443921634245499,0.9173171091698784,passed
2024/12/15 19:45:00,0.7172457128659657,0.7467833694799474,77.86601895434097,98.12349556323375,2.6860130665531723,2.64,2850.5398233599135,2912.091689439803,0.9939698730893212,1.0032814227194846,31.92984149962824,4.364468480461016,2.103519999029704,1.0451981020810135,0.9183576667877685,passed
2024/12/15 20:00:00,0.7174049839157021,0.746739822869407,78.04626538557338,98.28873738438834,2.686985782248511,2.65,2857.60543429874,2915.0370011294626,0.9939747542761033,1.0032672999795973,31.899237900172764,4.461292970506151,2.102530652177257,1.0474456068480018,0.9205125977269322,passed
2024/12/15 20:15:00,0.7178299271193324,0.7467604810932638,78.20974708248193,98.44528994034208,2.6878049229373646,2.64,2864.9630969459918,2918.0192114542215,0.9939399876158168,1.0032148508754855,31.81116145494589,4.543026703378481,2.1001283089105267,1.0444807790184207,0.9182901958304509,passed
2024/12/15 20:30:00,0.7159429507374808,0.7462505638093597,78.52445121548566,98.74391227772414,2.6888133120355997,2.65,2869.530150502365,2921.7887970993747,0.9942513441497575,1.0034801260087698,32.22070330953266,4.726104344472256,2.112494618274957,1.0533315504267313,0.9249129422783994,passed
2024/12/15 20:45:00,0.7177068380917941,0.7467092634459883,78.60000671839282,98.78758909629188,2.68831176839655,2.64,2878.1662036893626,2926.3387537002695,0.994039536889975,1.0032405713947754,31.84844787607835,4.56369369848023,2.102865348698976,1.048356875853702,0.9215528870249744,passed
2024/12/15 21:00:00,0.7174096979862203,0.746637502736715,78.81611088863089,98.96161991961037,2.6887265868765677,2.66,2885.556409982516,2928.404849459952,0.9941144160385457,1.0032508224032708,31.861382527759538,4.64634819347551,2.10588677782809,1.050405292259463,0.9230557390402692,passed
2024/12/15 21:15:00,0.7170978528291048,0.7467110823329367,78.9770751743172,99.11231562822272,2.68792121903315,2.66,2893.4499349888824,2934.369284839774,0.9941540056518559,1.0032353167765722,31.766540664289014,4.572130438474833,2.1049650985814568,1.0560896456812099,0.9276428794339419,passed
2024/12/15 21:30:00,0.7183580910421531,0.7470012627256277,79.1312103322524,99.20920394522535,2.6888103229322566,2.66,2903.9547675997405,2934.0551117175705,0.9939630833323145,1.0029934645921772,31.440980549346886,4.657505395519217,2.0999155760017034,1.0540432208607968,0.9265229436773813,passed
2024/12/15 21:45:00,0.7171807708804192,0.7470338617099594,79.31089188135326,99.36883801190658,2.6876817547238088,2.64,2910.1441611907217,2942.4457324428827,0.9940575946379568,1.0030559713424496,31.50376866489273,4.4778733514502695,2.1036487725483615,1.0550570698554467,0.9261977564778238,passed
2024/12/15 22:00:00,0.7168371963769357,0.7468870797751379,79.50947496675062,99.52019219806449,2.6876285174888546,2.66,2917.713538913296,2942.8856910416007,0.9942128669190187,1.0030970270243738,31.477790551248415,4.606564594931392,2.1055560967879274,1.0648218829971139,0.9345031940059814,passed
2024/12/15 22:15:00,0.7172294880456717,0.7470314578149566,78.41876135246254,98.10132505648636,2.6897547490429417,2.64,2868.7022152007025,2907.390914965099,0.9940340509764148,1.0031449907513263,31.941418371613047,4.285564976888696,2.1132548424852207,1.0378707134592444,0.9096246487404192,passed
2024/12/15 22:30:00,0.7191493602802757,0.7475355813773913,78.29746935395916,97.89758544079154,2.6880975501445477,2.65,2870.5259437476107,2907.242937299611,0.9938693995815222,1.0029214722720885,31.541047095559843,3.993006119539954,2.102381256497452,1.0414521624022954,0.9136275879181605,passed
2024/12/15 22:45:00,0.7183710725920793,0.747488872285766,78.36843792246796,97.88848182725165,2.688235922223108,2.63,2870.0902806724375,2906.9269898791244,0.9939461351266043,1.002981368860127,31.705294372244968,3.9258569412507396,2.109224660487242,1.0382017896919853,0.9098312108588877,passed
2024/12/15 23:00:00,0.718832036254038,0.7475376455024317,78.41867171062778,97.85389414504124,2.687476444994713,2.64,2872.6361292363404,2905.7154778716254,0.9940369145064042,1.002972025942331,31.626163398496836,3.8653780188901687,2.1084405023878645,1.0352560246458233,0.9073293479913063,passed
2024/12/15 23:15:00,0.7190962184118148,0.7476496360215766,78.37969119122815,97.75386159231039,2.6865921215299893,2.62,2871.9584463936894,2906.250624593262,0.9940587563034186,1.0029624479501213,31.576725935800702,3.691896555854461,2.106719647342071,1.0328703440603655,0.9051175671151742,passed
2024/12/15 23:30:00,0.7189756982552766,0.7478217640563046,78.42790233008034,97.70315730202273,2.686120888263049,2.62,2872.951435569297,2907.5589473736336,0.9940359452271724,1.0029208773327094,31.597586025640393,3.483293731814275,2.1100449762688123,1.0329708149013037,0.9045364747988183,passed
2024/12/15 23:45:00,0.7193842419463163,0.7480376918092614,78.41401184159218,97.60034499494854,2.685268381788892,2.62,2873.3364880525687,2906.9623835566417,0.9939955509599759,1.002838413256226,31.51117133741332,3.292586963899935,2.1102218986714556,1.0285032474428042,0.9004307004170203,passed
2025/01/24 16:30:00,0.696079850741077,0.737403311744699,53.87445266313238,66.70016185533927,2.8051807004522704,2.51,1954.4232589848405,1940.9544118980264,0.9909058640327632,1.0039518165616248,35.49094547773652,11.472712864867326,2.081529111396743,0.8884118818987107,0.8276414776795878,passed
2025/01/24 16:45:00,0.6965456577103812,0.7374043209558127,53.54001233087827,66.64672950437212,2.801541834940629,2.5,1943.3830772766755,1938.6136555083183,0.9907097301792923,1.0038897662082202,35.3858318038778,11.52367403844135,2.0799172888790634,0.8930802699473942,0.8325001070393088,passed
2025/01/24 17:00:00,0.6945902837788931,0.7370205472400925,53.43602603304511,66.9138343631953,2.7966758654591994,2.51,1936.0819509793644,1948.2422643629752,0.9908538330007024,1.004202242949615,35.74755356700765,11.487423578223796,2.0876422456653163,0.8863189243168794,0.8248126325624119,passed
2025/01/24 17:15:00,0.6948969439270298,0.7367899131812411,53.49953944845278,67.3637218728224,2.792685919041552,2.52,1939.0400679191919,1959.7796581948041,0.9907770161658299,1.0042218552468585,35.68488726244283,11.604916736480305,2.0863053634415305,0.8956587985513724,0.8340948942821154,passed
